amp, max, min, volt, max, min, wattage, mah, Joule
3.83,13.3,2.8,5.06,5.06,5.05,0.0,176.56,0.0
3.03,4.1,2.5,5.06,5.06,5.06,0.0,176.56,0.0
3.08,4.3,2.7,5.06,5.06,5.06,0.0,176.56,0.0
3.13,4.6,2.7,5.06,5.06,5.06,0.0,176.56,0.0
3.0,3.1,2.9,5.06,5.06,5.06,0.0,176.56,0.0
3.36,4.6,2.8,5.06,5.06,5.06,0.0,176.56,0.0
2.88,3.3,2.7,5.06,5.06,5.06,0.0,176.56,0.0
2.93,3.1,2.7,5.06,5.06,5.06,0.0,176.56,0.0
3.1,3.4,2.9,5.06,5.06,5.06,0.0,176.56,0.0
3.53,4.8,2.8,5.06,5.06,5.06,0.0,176.56,0.0
3.53,3.1,2.7,5.06,5.06,5.06,0.0,176.56,0.0
2.97,3.1,2.7,5.06,5.06,5.06,0.0,176.56,0.0
2.93,2.9,2.8,5.06,5.06,5.06,0.0,176.56,0.0
2.87,3.0,2.7,5.06,5.06,5.06,0.0,176.56,0.0
2.93,3.0,2.8,5.06,5.06,5.06,0.0,176.56,0.0
3.5,4.5,3.0,5.06,5.06,5.06,0.0,176.56,0.0
3.03,3.2,2.9,5.06,5.06,5.06,0.0,176.56,0.0
3.17,3.2,3.1,5.06,5.06,5.06,0.0,176.56,0.0
3.1,3.1,3.0,5.06,5.06,5.06,0.0,176.56,0.0
2.97,3.0,2.9,5.06,5.06,5.06,0.0,176.56,0.0
2.97,3.1,2.9,5.06,5.06,5.06,0.0,176.56,0.0
3.17,3.3,3.1,5.06,5.06,5.06,0.0,176.56,0.0
3.13,3.2,2.9,5.06,5.06,5.06,0.0,176.56,0.0
3.0,3.0,2.8,5.06,5.06,5.06,0.0,176.56,0.0
2.93,3.0,2.7,5.06,5.06,5.06,0.0,176.56,0.0
2.93,3.0,2.8,5.06,5.06,5.06,0.0,176.56,0.0
3.0,3.3,2.8,5.06,5.06,5.06,0.0,176.56,0.0
3.17,3.3,2.9,5.06,5.06,5.06,0.0,176.56,0.0
3.0,3.1,2.9,5.06,5.06,5.06,0.0,176.56,0.0
2.9,3.0,2.7,5.05,5.06,5.05,0.0,176.56,0.0
3.6,4.8,3.0,5.06,5.06,5.06,0.0,176.56,0.0
3.53,3.0,2.8,5.06,5.06,5.06,0.0,176.56,0.0
2.97,3.0,2.9,5.06,5.06,5.06,0.0,176.56,0.0
2.87,3.0,2.7,5.06,5.06,5.06,0.0,176.56,0.0
2.93,3.1,2.7,5.06,5.06,5.06,0.0,176.57,0.0
3.1,3.6,2.7,5.06,5.06,5.06,0.0,176.57,0.0
3.57,4.5,3.0,5.06,5.06,5.06,0.0,176.57,0.0
4.3,6.7,3.0,5.06,5.06,5.06,0.0,176.57,0.0
2.83,2.9,2.6,5.06,5.06,5.06,0.0,176.57,0.0
3.23,3.5,3.1,5.06,5.06,5.06,0.0,176.57,0.0
3.03,3.1,2.9,5.06,5.06,5.06,0.0,176.57,0.0
3.47,4.5,2.8,5.06,5.06,5.06,0.0,176.57,0.0
3.07,3.2,2.8,5.06,5.06,5.06,0.0,176.57,0.0
3.1,3.1,3.0,5.06,5.06,5.06,0.0,176.57,0.0
3.0,3.2,2.8,5.06,5.06,5.06,0.0,176.57,0.0
3.03,3.1,2.8,5.06,5.06,5.06,0.0,176.57,0.0
3.37,4.4,2.8,5.06,5.06,5.06,0.0,176.57,0.0
3.47,3.2,2.8,5.06,5.06,5.06,0.0,176.57,0.0
2.97,3.2,2.8,5.06,5.06,5.06,0.0,176.57,0.0
3.03,3.3,2.9,5.06,5.06,5.06,0.0,176.57,0.0
2.93,3.0,2.9,5.06,5.06,5.06,0.0,176.57,0.0
2.9,2.9,2.8,5.06,5.06,5.06,0.0,176.57,0.0
3.43,4.5,2.8,5.06,5.06,5.06,0.0,176.57,0.0
3.03,3.2,2.9,5.06,5.06,5.06,0.0,176.57,0.0
5.9,11.9,2.8,5.06,5.06,5.06,0.0,176.57,0.0
2.8,3.0,2.6,5.06,5.06,5.06,0.0,176.57,0.0
2.93,3.1,2.7,5.06,5.06,5.06,0.0,176.57,0.0
21.03,57.2,2.7,5.05,5.06,5.05,0.0,176.57,0.0
3.17,3.3,3.0,5.06,5.06,5.06,0.0,176.57,0.0
3.0,3.0,2.7,5.06,5.06,5.06,0.0,176.57,0.0
2.93,3.1,2.7,5.06,5.06,5.06,0.0,176.57,0.0
2.93,3.0,2.8,5.06,5.06,5.06,0.0,176.57,0.0
3.03,3.5,2.8,5.06,5.06,5.06,0.0,176.57,0.0
2.87,2.9,2.8,5.06,5.06,5.06,0.0,176.57,0.0
2.87,3.0,2.7,5.06,5.06,5.06,0.0,176.57,0.0
2.8,3.0,2.7,5.06,5.06,5.06,0.0,176.57,0.0
2.97,3.4,2.7,5.06,5.06,5.06,0.0,176.57,0.0
3.57,4.7,2.6,5.06,5.06,5.06,0.0,176.57,0.0
3.53,3.0,2.9,5.06,5.06,5.06,0.0,176.57,0.0
2.9,2.9,2.8,5.06,5.06,5.06,0.0,176.57,0.0
2.87,3.0,2.7,5.06,5.06,5.06,0.0,176.57,0.0
2.93,2.9,2.9,5.06,5.06,5.06,0.0,176.57,0.0
6.27,11.5,2.9,5.06,5.06,5.06,0.0,176.57,0.0
3.4,2.9,2.9,5.06,5.06,5.06,0.0,176.57,0.0
2.97,3.0,2.9,5.06,5.06,5.06,0.0,176.57,0.0
2.97,3.1,2.8,5.06,5.06,5.06,0.0,176.57,0.0
2.87,2.9,2.8,5.06,5.06,5.06,0.0,176.57,0.0
2.87,2.9,2.8,5.06,5.06,5.06,0.0,176.57,0.0
3.3,4.1,2.9,5.06,5.06,5.06,0.0,176.57,0.0
2.9,3.1,2.7,5.06,5.06,5.06,0.0,176.57,0.0
3.07,3.1,3.0,5.06,5.06,5.06,0.0,176.58,0.0
2.97,3.1,2.8,5.06,5.06,5.06,0.0,176.58,0.0
2.87,3.0,2.8,5.06,5.06,5.06,0.0,176.58,0.0
3.47,4.5,2.8,5.06,5.06,5.06,0.0,176.58,0.0
3.13,3.4,2.9,5.06,5.06,5.06,0.0,176.58,0.0
2.97,2.9,2.9,5.06,5.06,5.06,0.0,176.58,0.0
3.0,3.1,2.9,5.06,5.06,5.06,0.0,176.58,0.0
3.03,3.1,3.0,5.06,5.06,5.06,0.0,176.58,0.0
3.57,4.5,3.1,5.06,5.06,5.06,0.0,176.58,0.0
7.07,13.9,2.8,5.06,5.06,5.05,0.0,176.58,0.0
6.67,3.1,3.0,5.06,5.06,5.05,0.0,176.58,0.0
3.0,3.0,2.9,5.06,5.06,5.06,0.0,176.58,0.0
2.97,3.1,2.9,5.06,5.06,5.06,0.0,176.58,0.0
3.17,3.5,2.9,5.06,5.06,5.06,0.0,176.58,0.0
3.63,4.4,3.0,5.06,5.06,5.06,0.0,176.58,0.0
2.9,2.9,2.8,5.06,5.06,5.06,0.0,176.58,0.0
2.8,2.8,2.7,5.06,5.06,5.06,0.0,176.58,0.0
2.83,2.9,2.8,5.06,5.06,5.06,0.0,176.58,0.0
3.07,3.3,2.8,5.06,5.06,5.06,0.0,176.58,0.0
2.97,3.0,2.8,5.06,5.06,5.06,0.0,176.58,0.0
2.97,3.0,2.9,5.06,5.06,5.06,0.0,176.58,0.0
2.93,3.2,2.6,5.06,5.06,5.06,0.0,176.58,0.0
2.8,2.9,2.6,5.06,5.06,5.06,0.0,176.58,0.0
2.83,3.0,2.6,5.06,5.06,5.06,0.0,176.58,0.0
3.43,4.5,2.6,5.06,5.06,5.06,0.0,176.58,0.0
3.03,3.1,2.8,5.06,5.06,5.06,0.0,176.58,0.0
2.93,3.0,2.8,5.06,5.06,5.06,0.0,176.58,0.0
38.13,58.0,3.0,5.05,5.04,5.04,0.0,176.58,0.0
122.43,260.4,53.4,5.01,5.05,4.95,1.0,176.59,0.15
69.87,79.0,53.5,5.04,5.04,5.04,0.0,176.6,0.0
75.03,78.7,67.4,5.04,5.04,5.04,0.0,176.6,0.0
114.13,255.5,55.3,5.03,5.04,5.0,1.0,176.61,0.15
267.43,227.7,200.8,4.99,5.01,4.96,1.0,176.63,0.15
191.63,201.4,172.7,5.01,5.01,5.0,1.0,176.64,0.15
109.67,79.1,77.2,5.03,5.04,5.01,1.0,176.65,0.15
70.07,79.3,53.7,5.04,5.04,5.04,0.0,176.65,0.0
70.73,79.2,53.7,5.04,5.04,5.04,0.0,176.66,0.0
72.17,81.1,56.2,5.04,5.05,5.04,0.0,176.66,0.0
79.2,77.3,77.3,5.04,5.04,5.04,0.0,176.66,0.0
78.68,80.8,77.3,5.04,5.04,5.04,0.0,176.67,0.0
71.3,80.7,54.0,5.04,5.05,5.04,0.0,176.67,0.0
63.07,81.1,54.0,5.04,5.04,5.04,0.0,176.68,0.0
66.8,79.5,54.1,5.04,5.04,5.04,0.0,176.68,0.0
153.03,202.0,79.5,5.02,5.01,5.01,1.0,176.69,0.15
30.47,14.8,14.8,5.05,5.05,5.04,0.0,176.69,0.0
47.47,88.3,14.8,5.05,5.05,5.05,0.0,176.69,0.0
31.4,3.1,2.8,5.06,5.06,5.05,0.0,176.69,0.0
2.87,2.9,2.8,5.06,5.06,5.06,0.0,176.69,0.0
2.8,2.8,2.7,5.06,5.06,5.06,0.0,176.69,0.0
2.73,2.8,2.7,5.06,5.06,5.06,0.0,176.69,0.0
2.9,3.0,2.8,5.06,5.06,5.06,0.0,176.7,0.0
2.9,3.0,2.8,5.06,5.06,5.06,0.0,176.7,0.0
2.8,2.9,2.7,5.06,5.06,5.06,0.0,176.7,0.0
2.8,2.8,2.7,5.06,5.06,5.06,0.0,176.7,0.0
3.0,3.2,2.8,5.06,5.06,5.06,0.0,176.7,0.0
3.53,4.6,3.0,5.06,5.06,5.06,0.0,176.7,0.0
3.43,2.9,2.8,5.06,5.06,5.06,0.0,176.7,0.0
2.97,3.2,2.8,5.06,5.06,5.06,0.0,176.7,0.0
2.97,3.0,2.9,5.06,5.06,5.06,0.0,176.7,0.0
2.9,2.9,2.8,5.06,5.06,5.06,0.0,176.7,0.0
3.43,4.5,2.9,5.06,5.06,5.06,0.0,176.7,0.0
3.37,2.9,2.7,5.06,5.06,5.06,0.0,176.7,0.0
2.87,3.0,2.7,5.06,5.06,5.06,0.0,176.7,0.0
11.37,28.4,2.7,5.05,5.06,5.05,0.0,176.7,0.0
2.87,2.9,2.7,5.06,5.06,5.06,0.0,176.7,0.0
2.93,3.0,2.9,5.06,5.06,5.06,0.0,176.7,0.0
3.43,4.5,2.8,5.06,5.06,5.06,0.0,176.7,0.0
2.87,3.2,2.6,5.06,5.06,5.06,0.0,176.7,0.0
3.2,3.3,3.1,5.06,5.06,5.06,0.0,176.7,0.0
3.07,3.0,2.9,5.06,5.06,5.06,0.0,176.7,0.0
2.97,3.0,2.9,5.06,5.06,5.05,0.0,176.7,0.0
3.43,4.4,2.9,5.06,5.06,5.06,0.0,176.7,0.0
3.63,3.5,3.0,5.06,5.06,5.06,0.0,176.7,0.0
2.97,3.0,2.9,5.06,5.06,5.06,0.0,176.7,0.0
3.0,3.0,2.9,5.06,5.06,5.06,0.0,176.7,0.0
2.87,3.0,2.7,5.06,5.06,5.06,0.0,176.7,0.0
3.53,4.5,2.7,5.06,5.06,5.06,0.0,176.7,0.0
3.3,2.7,2.7,5.06,5.06,5.06,0.0,176.7,0.0
149.6,396.5,2.7,5.01,5.03,4.95,1.0,176.72,0.15
86.85,30.6,30.6,5.04,5.05,5.02,0.0,176.72,0.0
25.97,45.6,13.8,5.05,5.05,5.04,0.0,176.72,0.0
43.77,54.1,31.6,5.04,5.05,5.04,0.0,176.72,0.0
49.4,113.5,3.1,5.04,5.06,5.03,0.0,176.73,0.0
3.05,3.0,3.0,5.06,5.06,5.06,0.0,176.73,0.0
2.97,3.1,2.8,5.06,5.06,5.06,0.0,176.73,0.0
3.0,3.0,2.9,5.06,5.06,5.06,0.0,176.73,0.0
2.93,3.0,2.9,5.06,5.06,5.06,0.0,176.73,0.0
3.43,2.9,2.8,5.06,5.06,5.06,0.0,176.73,0.0
3.0,3.1,2.9,5.06,5.06,5.06,0.0,176.73,0.0
3.03,3.0,3.0,5.06,5.06,5.06,0.0,176.73,0.0
3.03,3.1,3.0,5.06,5.06,5.06,0.0,176.73,0.0
2.97,3.0,2.9,5.06,5.06,5.06,0.0,176.73,0.0
3.47,4.5,2.9,5.06,5.06,5.06,0.0,176.73,0.0
2.93,2.9,2.9,5.06,5.06,5.06,0.0,176.73,0.0
2.97,3.0,2.9,5.06,5.06,5.06,0.0,176.73,0.0
2.87,2.8,2.8,5.06,5.06,5.06,0.0,176.73,0.0
2.97,3.1,2.8,5.06,5.06,5.06,0.0,176.73,0.0
3.4,4.5,2.7,5.06,5.06,5.06,0.0,176.73,0.0
3.47,3.0,2.9,5.05,5.06,5.05,0.0,176.73,0.0
12.97,32.9,2.9,5.05,5.06,5.04,0.0,176.73,0.0
2.83,2.8,2.6,5.06,5.06,5.06,0.0,176.73,0.0
2.87,2.9,2.8,5.06,5.06,5.06,0.0,176.73,0.0
3.3,4.2,2.8,5.06,5.06,5.06,0.0,176.73,0.0
3.47,3.3,2.9,5.06,5.06,5.06,0.0,176.73,0.0
2.83,3.0,2.6,5.06,5.06,5.06,0.0,176.73,0.0
2.83,3.0,2.6,5.06,5.06,5.06,0.0,176.73,0.0
2.87,2.9,2.7,5.06,5.06,5.06,0.0,176.73,0.0
2.8,2.9,2.6,5.06,5.06,5.06,0.0,176.73,0.0
3.3,4.4,2.6,5.06,5.06,5.06,0.0,176.73,0.0
2.9,3.0,2.8,5.06,5.06,5.06,0.0,176.73,0.0
2.9,3.0,2.8,5.06,5.06,5.06,0.0,176.73,0.0
3.1,3.3,3.0,5.06,5.06,5.06,0.0,176.73,0.0
2.83,2.9,2.6,5.06,5.06,5.06,0.0,176.73,0.0
3.03,3.3,2.9,5.06,5.06,5.06,0.0,176.73,0.0
3.07,3.0,2.9,5.06,5.06,5.06,0.0,176.73,0.0
2.97,3.1,2.8,5.06,5.06,5.06,0.0,176.73,0.0
19.93,53.6,3.1,5.05,5.06,5.05,0.0,176.73,0.0
2.9,3.0,2.8,5.06,5.06,5.06,0.0,176.73,0.0
2.9,2.9,2.9,5.06,5.06,5.06,0.0,176.73,0.0
2.93,3.0,2.9,5.06,5.06,5.06,0.0,176.73,0.0
3.0,3.2,2.9,5.06,5.06,5.06,0.0,176.73,0.0
3.0,3.0,2.8,5.06,5.06,5.06,0.0,176.73,0.0
3.0,3.1,2.9,5.06,5.06,5.06,0.0,176.73,0.0
3.53,4.5,3.0,5.06,5.06,5.06,0.0,176.73,0.0
3.97,4.3,3.1,5.06,5.06,5.06,0.0,176.73,0.0
4.23,4.4,4.0,5.06,5.06,5.06,0.0,176.74,0.0
3.6,3.6,2.8,5.06,5.06,5.06,0.0,176.74,0.0
2.83,2.9,2.8,5.06,5.06,5.06,0.0,176.74,0.0
2.97,3.1,2.9,5.06,5.06,5.06,0.0,176.74,0.0
118.55,238.7,2.9,5.02,5.04,4.99,1.0,176.75,0.15
96.85,111.2,82.5,5.03,5.02,5.02,0.0,176.75,0.0
22.6,40.6,13.3,5.05,5.05,5.04,0.0,176.75,0.0
49.07,103.6,3.0,5.04,5.06,5.0,0.0,176.76,0.0
19.67,53.4,2.6,5.05,5.06,5.04,0.0,176.76,0.0
2.77,3.0,2.6,5.06,5.06,5.06,0.0,176.76,0.0
3.83,5.2,3.0,5.06,5.06,5.06,0.0,176.76,0.0
4.13,4.4,2.8,5.06,5.06,5.05,0.0,176.76,0.0
3.33,2.8,2.8,5.06,5.06,5.05,0.0,176.76,0.0
2.87,3.0,2.8,5.06,5.06,5.06,0.0,176.76,0.0
3.0,3.1,2.8,5.06,5.06,5.06,0.0,176.76,0.0
2.97,3.0,2.8,5.06,5.06,5.06,0.0,176.76,0.0
3.0,3.1,2.9,5.06,5.06,5.06,0.0,176.76,0.0
3.47,4.4,2.9,5.06,5.06,5.06,0.0,176.76,0.0
2.93,3.0,2.9,5.06,5.06,5.06,0.0,176.76,0.0
2.93,2.9,2.9,5.06,5.06,5.06,0.0,176.76,0.0
2.83,2.9,2.7,5.06,5.06,5.06,0.0,176.76,0.0
3.1,3.3,2.8,5.06,5.06,5.06,0.0,176.76,0.0
2.93,2.9,2.7,5.06,5.06,5.06,0.0,176.76,0.0
2.87,2.9,2.8,5.06,5.06,5.06,0.0,176.76,0.0
2.93,3.1,2.8,5.06,5.06,5.06,0.0,176.76,0.0
20.7,56.1,2.9,5.05,5.06,5.04,0.0,176.76,0.0
20.63,3.0,2.8,5.05,5.06,5.04,0.0,176.76,0.0
3.5,4.7,2.8,5.06,5.06,5.06,0.0,176.76,0.0
2.9,3.2,2.7,5.06,5.06,5.06,0.0,176.76,0.0
3.03,3.0,2.9,5.06,5.06,5.06,0.0,176.76,0.0
3.07,3.4,2.9,5.06,5.06,5.06,0.0,176.76,0.0
2.93,3.1,2.8,5.06,5.06,5.06,0.0,176.76,0.0
3.47,4.7,2.8,5.06,5.06,5.06,0.0,176.76,0.0
3.6,3.1,3.0,5.06,5.06,5.06,0.0,176.76,0.0
2.93,2.9,2.9,5.06,5.06,5.06,0.0,176.76,0.0
2.9,3.1,2.7,5.06,5.06,5.06,0.0,176.76,0.0
3.03,3.2,2.8,5.06,5.06,5.06,0.0,176.76,0.0
3.53,4.5,2.9,5.06,5.06,5.06,0.0,176.76,0.0
3.5,3.1,2.9,5.06,5.06,5.06,0.0,176.76,0.0
2.8,3.0,2.5,5.06,5.06,5.06,0.0,176.77,0.0
2.77,3.1,2.5,5.06,5.06,5.06,0.0,176.77,0.0
2.93,3.2,2.7,5.06,5.06,5.06,0.0,176.77,0.0
2.97,3.0,2.9,5.06,5.06,5.06,0.0,176.77,0.0
3.4,4.5,2.7,5.06,5.06,5.06,0.0,176.77,0.0
2.73,2.8,2.7,5.06,5.06,5.06,0.0,176.77,0.0
2.83,2.9,2.7,5.06,5.06,5.06,0.0,176.77,0.0
25.83,56.1,2.9,5.05,5.05,5.04,0.0,176.77,0.0
20.67,3.1,2.8,5.05,5.06,5.04,0.0,176.77,0.0
3.47,4.4,2.9,5.06,5.06,5.06,0.0,176.77,0.0
3.37,2.9,2.8,5.06,5.06,5.06,0.0,176.77,0.0
3.07,3.2,2.9,5.06,5.06,5.06,0.0,176.77,0.0
60.2,174.1,2.9,5.04,5.06,5.01,0.0,176.77,0.0
548.22,882.6,174.1,4.91,4.93,4.81,3.0,176.83,0.45
544.77,648.2,311.9,4.91,4.98,4.87,3.0,176.86,0.45
480.8,576.2,311.9,4.93,4.9,4.9,2.0,176.89,0.3
502.6,567.0,364.6,4.93,4.96,4.9,2.0,176.91,0.3
369.37,422.7,320.8,4.96,4.97,4.95,2.0,176.93,0.3
321.73,322.4,320.8,4.97,4.97,4.97,2.0,176.95,0.3
368.33,404.3,322.0,4.96,4.95,4.95,2.0,176.97,0.3
360.13,379.3,322.4,4.96,4.97,4.95,2.0,176.99,0.3
323.2,322.9,322.4,4.97,4.97,4.97,2.0,177.02,0.3
324.33,324.5,323.8,4.97,4.97,4.97,2.0,177.04,0.3
325.07,326.0,324.5,4.97,4.97,4.97,2.0,177.06,0.3
325.33,325.8,324.7,4.97,4.97,4.97,2.0,177.07,0.3
352.0,404.7,325.5,4.96,4.97,4.95,2.0,177.1,0.3
351.7,325.7,324.7,4.96,4.97,4.95,2.0,177.11,0.3
325.6,325.7,325.4,4.97,4.97,4.97,2.0,177.13,0.3
326.03,327.1,325.3,4.97,4.97,4.97,2.0,177.15,0.3
326.57,326.7,325.9,4.97,4.97,4.97,2.0,177.17,0.3
326.13,326.5,325.9,4.97,4.97,4.97,2.0,177.19,0.3
326.63,326.7,326.5,4.97,4.97,4.97,2.0,177.21,0.3
329.43,334.2,326.8,4.96,4.98,4.94,2.0,177.23,0.3
368.47,387.9,334.2,4.96,4.97,4.94,2.0,177.25,0.3
348.07,328.9,327.4,4.97,4.97,4.96,2.0,177.27,0.3
194.83,129.0,128.1,5.01,5.02,4.97,1.0,177.28,0.15
152.93,203.3,127.4,5.02,5.02,5.02,1.0,177.29,0.15
153.27,128.7,127.8,5.02,5.02,5.02,1.0,177.29,0.15
127.7,127.7,127.6,5.02,5.02,5.02,1.0,177.3,0.15
127.53,127.6,127.3,5.02,5.02,5.02,1.0,177.31,0.15
127.3,127.3,127.3,5.02,5.02,5.02,1.0,177.31,0.15
126.43,126.5,125.8,5.02,5.02,5.02,1.0,177.32,0.15
21.2,17.3,14.3,5.05,5.05,5.05,0.0,177.32,0.0
14.23,14.2,14.2,5.05,5.05,5.05,0.0,177.33,0.0
14.2,14.3,14.1,5.05,5.05,5.05,0.0,177.33,0.0
14.8,15.3,14.3,5.05,5.05,5.05,0.0,177.33,0.0
15.0,15.4,14.3,5.05,5.05,5.05,0.0,177.33,0.0
36.93,48.4,14.3,5.05,5.05,5.04,0.0,177.33,0.0
25.4,14.3,13.8,5.05,5.05,5.05,0.0,177.33,0.0
14.03,14.2,13.8,5.05,5.05,5.05,0.0,177.33,0.0
88.68,311.7,14.2,5.03,5.05,4.98,0.0,177.34,0.0
14.77,15.4,14.4,5.05,5.06,5.05,0.0,177.34,0.0
14.3,14.2,14.2,5.06,5.05,5.05,0.0,177.34,0.0
14.13,14.3,13.9,5.05,5.05,5.05,0.0,177.34,0.0
52.1,128.0,14.0,5.04,5.05,5.02,0.0,177.35,0.0
31.93,14.1,14.1,5.05,5.06,5.04,0.0,177.35,0.0
14.53,15.4,14.1,5.05,5.05,5.05,0.0,177.35,0.0
15.03,15.5,14.2,5.05,5.06,5.05,0.0,177.35,0.0
14.17,14.3,13.9,5.06,5.06,5.05,0.0,177.35,0.0
66.9,114.3,13.9,5.04,5.04,5.03,0.0,177.36,0.0
141.45,210.4,72.5,5.04,5.04,5.04,1.0,177.36,0.15
79.5,14.2,13.9,5.05,5.06,5.04,0.0,177.36,0.0
16.67,20.5,14.2,5.05,5.06,5.04,0.0,177.37,0.0
23.5,41.2,14.0,5.06,5.05,5.05,0.0,177.37,0.0
14.0,14.1,13.9,5.05,5.06,5.05,0.0,177.37,0.0
13.9,14.1,13.7,5.06,5.06,5.05,0.0,177.37,0.0
24.13,42.4,13.7,5.05,5.05,5.05,0.0,177.37,0.0
15.13,15.2,14.0,5.05,5.05,5.05,0.0,177.37,0.0
14.5,13.8,13.8,5.05,5.05,5.05,0.0,177.37,0.0
14.03,14.2,13.8,5.05,5.06,5.05,0.0,177.37,0.0
14.1,14.2,13.9,5.05,5.06,5.05,0.0,177.37,0.0
14.0,14.0,13.8,5.05,5.06,5.05,0.0,177.37,0.0
13.87,14.0,13.8,5.05,5.05,5.05,0.0,177.37,0.0
14.73,15.9,13.8,5.05,5.05,5.05,0.0,177.38,0.0
14.53,13.9,13.8,5.05,5.06,5.05,0.0,177.38,0.0
13.8,13.9,13.7,5.05,5.05,5.05,0.0,177.38,0.0
13.85,14.0,13.7,5.05,5.05,5.05,0.0,177.38,0.0
21.0,35.0,14.0,5.05,5.05,5.04,0.0,177.38,0.0
21.0,14.1,13.9,5.05,5.05,5.04,0.0,177.38,0.0
14.4,15.2,13.9,5.05,5.06,5.05,0.0,177.38,0.0
25.13,14.1,13.8,5.05,5.06,5.04,0.0,177.38,0.0
13.78,13.8,13.7,5.05,5.05,5.05,0.0,177.38,0.0
13.77,13.9,13.7,5.05,5.06,5.05,0.0,177.39,0.0
108.1,296.6,13.8,5.03,5.05,4.98,1.0,177.39,0.15
307.13,324.8,296.6,4.98,4.97,4.97,2.0,177.41,0.3
325.27,325.5,324.8,4.97,4.97,4.97,2.0,177.43,0.3
323.33,323.1,321.4,4.97,4.97,4.97,2.0,177.45,0.3
323.07,323.8,322.3,4.97,4.98,4.97,2.0,177.46,0.3
324.07,324.4,323.8,4.97,4.97,4.97,2.0,177.48,0.3
324.5,324.8,324.3,4.97,4.97,4.97,2.0,177.5,0.3
326.13,327.1,324.8,4.97,4.97,4.97,2.0,177.53,0.3
325.93,326.1,325.5,4.97,4.97,4.97,2.0,177.55,0.3
325.97,326.0,325.8,4.97,4.97,4.97,2.0,177.56,0.3
326.33,327.0,326.0,4.97,4.97,4.97,2.0,177.58,0.3
326.6,326.5,326.3,4.97,4.97,4.97,2.0,177.6,0.3
327.07,328.0,326.5,4.97,4.97,4.97,2.0,177.62,0.3
327.67,328.0,327.0,4.97,4.97,4.97,2.0,177.64,0.3
327.63,328.6,327.0,4.97,4.97,4.97,2.0,177.66,0.3
327.73,328.4,327.3,4.97,4.97,4.97,2.0,177.67,0.3
327.87,328.2,327.5,4.97,4.97,4.97,2.0,177.69,0.3
328.57,329.2,328.1,4.97,4.97,4.97,2.0,177.72,0.3
329.4,330.0,329.0,4.97,4.97,4.97,2.0,177.74,0.3
329.47,330.4,329.0,4.97,4.97,4.97,2.0,177.76,0.3
329.83,329.8,329.3,4.97,4.97,4.97,2.0,177.77,0.3
329.73,330.4,329.3,4.97,4.97,4.97,2.0,177.79,0.3
329.3,329.3,329.1,4.97,4.97,4.97,2.0,177.81,0.3
329.97,331.1,329.3,4.97,4.97,4.97,2.0,177.83,0.3
197.13,132.1,128.2,5.01,5.02,4.97,1.0,177.84,0.15
127.67,127.5,127.3,5.02,5.02,5.02,1.0,177.84,0.15
127.27,127.3,126.9,5.02,5.02,5.02,1.0,177.85,0.15
126.97,126.9,126.4,5.02,5.02,5.02,1.0,177.86,0.15
126.87,127.5,126.4,5.02,5.02,5.02,1.0,177.87,0.15
127.03,127.3,126.3,5.02,5.02,5.02,1.0,177.87,0.15
126.13,126.2,125.9,5.02,5.02,5.02,1.0,177.88,0.15
142.13,201.7,98.8,5.02,5.03,4.99,1.0,177.89,0.15
99.37,99.8,98.8,5.03,5.03,5.03,0.0,177.9,0.0
99.1,98.7,98.7,5.03,5.03,5.03,0.0,177.9,0.0
98.4,98.9,97.9,5.03,5.03,5.03,0.0,177.91,0.0
98.85,98.8,98.8,5.03,5.03,5.03,0.0,177.91,0.0
111.57,151.8,97.3,5.03,5.03,5.02,1.0,177.92,0.15
97.47,97.7,97.3,5.03,5.03,5.03,0.0,177.92,0.0
97.47,98.0,96.9,5.03,5.04,5.03,0.0,177.93,0.0
97.5,97.3,97.2,5.03,5.03,5.03,0.0,177.94,0.0
97.77,98.6,97.2,5.03,5.03,5.03,0.0,177.94,0.0
97.35,97.2,97.2,5.03,5.03,5.03,0.0,177.95,0.0
55.78,97.1,14.3,5.04,5.06,5.03,0.0,177.95,0.0
14.47,14.5,14.4,5.06,5.06,5.06,0.0,177.95,0.0
14.45,14.4,14.4,5.06,5.05,5.05,0.0,177.95,0.0
14.55,15.4,14.1,5.05,5.05,5.05,0.0,177.95,0.0
15.2,15.5,14.7,5.05,5.05,5.05,0.0,177.95,0.0
14.33,14.2,14.1,5.05,5.05,5.05,0.0,177.95,0.0
14.2,14.3,14.1,5.05,5.05,5.05,0.0,177.95,0.0
269.52,366.1,14.3,4.99,4.97,4.96,1.0,177.98,0.15
333.48,334.7,332.1,4.97,4.97,4.97,2.0,178.01,0.3
336.23,337.6,334.2,4.97,4.97,4.97,2.0,178.03,0.3
336.47,337.4,334.4,4.97,4.97,4.97,2.0,178.05,0.3
337.23,338.0,336.3,4.97,4.97,4.97,2.0,178.07,0.3
337.67,338.3,336.7,4.97,4.97,4.97,2.0,178.09,0.3
249.27,234.2,175.3,4.99,5.01,4.97,1.0,178.1,0.15
313.5,467.8,175.3,4.97,4.99,4.92,2.0,178.12,0.3
368.67,339.4,298.8,4.96,4.98,4.92,2.0,178.14,0.3
336.03,334.8,333.9,4.97,4.97,4.97,2.0,178.16,0.3
336.27,336.6,335.6,4.97,4.97,4.97,2.0,178.18,0.3
336.13,336.1,335.7,4.97,4.97,4.97,2.0,178.2,0.3
409.4,451.6,336.1,4.95,4.95,4.92,2.0,178.23,0.3
462.77,479.2,451.6,4.93,4.93,4.92,2.0,178.25,0.3
431.7,475.6,340.3,4.94,4.97,4.92,2.0,178.28,0.3
339.07,340.0,336.9,4.97,4.97,4.97,2.0,178.29,0.3
235.33,185.1,184.0,4.99,5.01,4.97,1.0,178.3,0.15
146.93,128.6,128.2,5.02,5.02,5.01,1.0,178.31,0.15
127.97,127.9,127.8,5.02,5.02,5.02,1.0,178.32,0.15
127.97,127.5,127.4,5.02,5.02,5.02,1.0,178.33,0.15
127.3,127.4,127.0,5.02,5.03,5.02,1.0,178.34,0.15
129.57,134.6,127.0,5.03,5.03,5.02,1.0,178.34,0.15
129.5,127.0,126.9,5.02,5.02,5.02,1.0,178.35,0.15
126.9,127.0,126.7,5.02,5.02,5.02,1.0,178.36,0.15
127.83,128.6,126.7,5.02,5.02,5.02,1.0,178.37,0.15
127.13,126.7,126.5,5.02,5.02,5.02,1.0,178.37,0.15
126.63,126.7,126.5,5.03,5.03,5.02,1.0,178.38,0.15
126.73,127.0,126.5,5.02,5.02,5.02,1.0,178.39,0.15
126.6,126.5,126.3,5.02,5.02,5.02,1.0,178.39,0.15
126.97,127.7,126.6,5.02,5.02,5.02,1.0,178.4,0.15
127.23,127.6,126.4,5.02,5.02,5.02,1.0,178.41,0.15
126.33,126.7,125.9,5.02,5.02,5.02,1.0,178.42,0.15
126.2,126.4,125.9,5.02,5.02,5.02,1.0,178.42,0.15
126.8,127.9,126.2,5.02,5.03,5.02,1.0,178.43,0.15
126.93,126.5,126.4,5.03,5.02,5.02,1.0,178.44,0.15
128.17,129.6,126.4,5.02,5.02,5.02,1.0,178.45,0.15
155.77,211.4,126.3,5.02,5.02,5.02,1.0,178.46,0.15
175.17,285.2,28.9,5.02,5.05,4.99,1.0,178.46,0.15
24.13,28.8,14.7,5.05,5.05,5.05,0.0,178.47,0.0
14.6,14.3,14.3,5.05,5.05,5.05,0.0,178.47,0.0
131.9,302.5,14.8,5.02,5.04,4.98,1.0,178.48,0.15
326.58,335.3,302.5,4.97,4.97,4.97,2.0,178.5,0.3
335.7,336.3,335.3,4.97,4.97,4.97,2.0,178.52,0.3
368.13,431.5,336.3,4.96,4.97,4.94,2.0,178.54,0.3
394.8,414.1,338.8,4.95,4.97,4.94,2.0,178.57,0.3
362.77,337.4,336.8,4.97,4.97,4.97,2.0,178.58,0.3
337.7,338.8,336.9,4.97,4.97,4.97,2.0,178.6,0.3
338.6,339.4,337.6,4.97,4.97,4.97,2.0,178.62,0.3
337.7,337.9,337.6,4.97,4.97,4.97,2.0,178.64,0.3
337.93,337.9,337.7,4.97,4.97,4.97,2.0,178.67,0.3
337.97,338.5,337.7,4.97,4.97,4.97,2.0,178.69,0.3
340.33,343.8,337.7,4.97,4.97,4.97,2.0,178.71,0.3
339.0,339.3,338.2,4.97,4.97,4.97,2.0,178.73,0.3
338.37,338.6,338.2,4.97,4.97,4.97,2.0,178.74,0.3
338.8,339.0,338.6,4.97,4.97,4.97,2.0,178.76,0.3
339.23,339.7,339.0,4.97,4.97,4.97,2.0,178.78,0.3
339.07,339.2,339.0,4.97,4.97,4.96,2.0,178.8,0.3
339.5,340.3,339.0,4.97,4.97,4.97,2.0,178.82,0.3
340.23,340.3,339.7,4.97,4.97,4.97,2.0,178.85,0.3
339.83,339.7,339.5,4.97,4.97,4.97,2.0,178.87,0.3
341.47,342.5,339.7,4.97,4.97,4.97,2.0,178.89,0.3
201.67,132.3,130.2,5.0,5.02,4.97,1.0,178.89,0.15
129.8,129.7,129.5,5.02,5.02,5.02,1.0,178.9,0.15
185.73,297.3,129.5,5.01,5.02,4.99,1.0,178.91,0.15
186.23,131.0,130.4,5.01,5.03,4.99,1.0,178.92,0.15
129.3,128.6,128.3,5.02,5.02,5.02,1.0,178.93,0.15
148.73,190.1,127.8,5.02,5.02,5.01,1.0,178.94,0.15
235.33,386.2,129.7,4.99,5.02,4.95,1.0,178.95,0.15
165.03,183.8,128.5,5.02,5.01,5.01,1.0,178.96,0.15
146.8,128.3,128.3,5.02,5.02,5.01,1.0,178.97,0.15
128.03,128.1,127.7,5.02,5.02,5.02,1.0,178.98,0.15
128.0,128.3,127.6,5.02,5.02,5.02,1.0,178.98,0.15
127.93,127.8,127.7,5.02,5.02,5.02,1.0,178.99,0.15
127.67,127.8,127.5,5.02,5.02,5.02,1.0,179.0,0.15
128.43,128.8,127.8,5.02,5.02,5.02,1.0,179.01,0.15
127.9,127.6,127.4,5.02,5.02,5.02,1.0,179.01,0.15
127.53,127.5,127.5,5.02,5.02,5.02,1.0,179.02,0.15
127.33,127.4,127.1,5.02,5.03,5.02,1.0,179.03,0.15
127.0,127.2,126.7,5.03,5.03,5.02,1.0,179.04,0.15
127.43,128.0,127.1,5.02,5.02,5.02,1.0,179.05,0.15
127.63,127.5,127.4,5.03,5.03,5.02,1.0,179.05,0.15
127.07,127.0,126.7,5.02,5.02,5.02,1.0,179.06,0.15
126.87,127.0,126.7,5.02,5.02,5.02,1.0,179.07,0.15
126.93,127.1,126.8,5.02,5.02,5.02,1.0,179.07,0.15
127.13,127.3,126.8,5.02,5.02,5.02,1.0,179.08,0.15
224.9,384.2,127.3,4.99,4.99,4.96,1.0,179.1,0.15
122.3,81.4,81.4,5.01,5.03,4.99,1.0,179.1,0.15
108.55,125.1,81.4,5.03,5.04,5.02,1.0,179.11,0.15
142.73,124.5,120.7,5.03,5.05,5.0,1.0,179.12,0.15
171.77,277.7,116.9,4.99,4.99,4.97,1.0,179.13,0.15
202.8,218.0,112.7,5.0,5.03,4.98,1.0,179.14,0.15
141.83,203.0,109.8,5.01,5.03,4.97,1.0,179.15,0.15
111.93,117.1,108.9,5.03,5.03,5.02,1.0,179.15,0.15
108.87,109.2,108.5,5.03,5.03,5.03,1.0,179.16,0.15
162.33,269.7,108.5,5.03,5.03,5.02,1.0,179.17,0.15
193.57,361.4,108.8,5.0,5.03,4.95,1.0,179.18,0.15
153.73,236.0,110.5,5.01,5.01,4.99,1.0,179.19,0.15
159.3,130.2,111.7,5.01,5.02,4.99,1.0,179.2,0.15
124.9,137.3,109.5,5.02,5.03,5.0,1.0,179.21,0.15
262.37,364.4,137.3,4.97,4.96,4.96,1.0,179.23,0.15
210.13,216.9,128.1,4.99,5.02,4.96,1.0,179.24,0.15
123.97,128.2,115.6,5.02,5.03,5.02,1.0,179.25,0.15
175.6,243.6,115.6,5.01,5.02,4.99,1.0,179.26,0.15
163.0,155.0,90.4,5.01,5.02,4.99,1.0,179.26,0.15
210.6,288.3,90.4,5.01,5.01,5.0,1.0,179.28,0.15
209.3,243.9,130.9,5.01,5.02,5.0,1.0,179.29,0.15
124.83,130.8,112.8,5.03,5.03,5.02,1.0,179.3,0.15
113.67,116.8,111.4,5.02,5.03,4.99,1.0,179.31,0.15
107.8,111.8,75.7,5.02,5.04,4.99,1.0,179.31,0.15
90.77,113.5,75.7,5.03,5.04,5.03,0.0,179.32,0.0
56.3,29.5,29.5,5.04,5.05,5.04,0.0,179.32,0.0
19.33,14.5,14.0,5.05,5.05,5.05,0.0,179.32,0.0
48.93,83.3,14.0,5.04,5.05,5.03,0.0,179.32,0.0
15.4,15.4,15.4,5.05,5.05,5.05,0.0,179.32,0.0
14.4,14.0,13.8,5.05,5.06,5.05,0.0,179.32,0.0
31.02,81.7,14.0,5.05,5.05,5.04,0.0,179.33,0.0
77.3,75.1,75.1,5.04,5.04,5.04,0.0,179.33,0.0
92.4,136.2,65.9,5.03,5.04,5.03,0.0,179.34,0.0
123.03,122.4,110.5,5.03,5.04,5.03,1.0,179.35,0.15
153.4,109.3,80.2,5.02,5.04,4.98,1.0,179.36,0.15
108.15,136.1,80.2,5.03,5.03,5.03,1.0,179.36,0.15
119.93,128.2,102.5,5.03,5.03,5.02,1.0,179.37,0.15
146.9,196.5,116.0,5.03,5.03,5.02,1.0,179.38,0.15
267.77,360.1,116.0,4.99,4.99,4.97,1.0,179.4,0.15
221.07,189.4,146.6,5.0,5.02,4.98,1.0,179.41,0.15
175.6,226.5,110.9,5.0,5.03,4.98,1.0,179.42,0.15
149.9,111.7,111.5,5.02,5.03,5.0,1.0,179.42,0.15
122.6,132.1,111.7,5.01,5.01,5.0,1.0,179.43,0.15
184.63,310.2,111.6,5.01,5.03,4.99,1.0,179.45,0.15
225.6,169.6,158.5,5.01,5.03,4.99,1.0,179.46,0.15
130.73,111.4,111.2,5.03,5.03,5.02,1.0,179.47,0.15
116.2,126.2,111.0,5.03,5.03,5.02,1.0,179.47,0.15
109.57,111.0,106.7,5.02,5.03,5.01,1.0,179.48,0.15
85.8,75.5,75.2,5.03,5.04,5.01,0.0,179.48,0.0
84.43,105.2,72.9,5.04,5.04,5.03,0.0,179.49,0.0
37.63,25.2,14.8,5.05,5.05,5.04,0.0,179.49,0.0
14.4,14.0,14.0,5.05,5.05,5.05,0.0,179.49,0.0
59.03,81.6,14.0,5.04,5.04,5.04,0.0,179.49,0.0
76.85,75.4,75.1,5.04,5.04,5.04,0.0,179.5,0.0
34.53,14.1,14.1,5.05,5.05,5.04,0.0,179.5,0.0
26.37,49.7,14.1,5.05,5.05,5.04,0.0,179.5,0.0
62.3,74.9,49.7,5.04,5.04,5.04,0.0,179.51,0.0
54.8,75.2,14.3,5.04,5.05,5.04,0.0,179.51,0.0
113.0,213.1,14.3,5.02,5.03,5.0,1.0,179.52,0.15
113.07,117.8,110.4,5.03,5.03,5.03,1.0,179.53,0.15
340.1,459.3,117.8,4.97,4.94,4.93,2.0,179.55,0.3
448.07,443.9,441.0,4.94,4.94,4.93,2.0,179.58,0.3
434.17,481.2,380.3,4.94,4.95,4.94,2.0,179.6,0.3
204.33,128.6,3.2,5.01,5.06,4.94,1.0,179.6,0.15
3.13,3.2,3.0,5.06,5.06,5.06,0.0,179.6,0.0
3.15,3.1,3.1,5.06,5.06,5.06,0.0,179.6,0.0
3.0,3.1,2.9,5.06,5.06,5.06,0.0,179.6,0.0
3.07,3.3,2.9,5.06,5.06,5.06,0.0,179.6,0.0
3.67,4.6,3.1,5.06,5.06,5.06,0.0,179.6,0.0
3.07,3.2,2.9,5.06,5.06,5.06,0.0,179.61,0.0
3.1,3.4,2.9,5.06,5.06,5.06,0.0,179.61,0.0
3.6,4.5,3.0,5.06,5.06,5.06,0.0,179.61,0.0
20.53,55.0,3.3,5.05,5.06,5.04,0.0,179.61,0.0
3.67,4.5,3.2,5.06,5.06,5.06,0.0,179.61,0.0
3.63,3.3,3.1,5.06,5.06,5.06,0.0,179.61,0.0
3.1,3.1,3.1,5.06,5.06,5.06,0.0,179.61,0.0
3.03,3.1,2.9,5.06,5.06,5.06,0.0,179.61,0.0
20.7,56.2,2.9,5.05,5.06,5.05,0.0,179.61,0.0
20.87,3.3,3.1,5.05,5.06,5.05,0.0,179.61,0.0
2.9,3.1,2.7,5.06,5.06,5.06,0.0,179.61,0.0
2.93,3.0,2.9,5.06,5.06,5.06,0.0,179.61,0.0
3.53,4.6,3.0,5.06,5.06,5.06,0.0,179.61,0.0
3.07,3.2,3.0,5.05,5.06,5.05,0.0,179.61,0.0
3.4,4.2,2.8,5.06,5.06,5.06,0.0,179.61,0.0
3.4,3.1,2.9,5.06,5.06,5.06,0.0,179.61,0.0
3.13,3.2,3.1,5.06,5.06,5.06,0.0,179.61,0.0
3.17,3.2,3.1,5.06,5.06,5.06,0.0,179.61,0.0
3.1,3.2,2.9,5.06,5.06,5.06,0.0,179.61,0.0
3.1,3.3,2.9,5.06,5.06,5.06,0.0,179.61,0.0
3.63,4.6,3.0,5.06,5.06,5.06,0.0,179.61,0.0
20.53,55.7,2.9,5.05,5.06,5.04,0.0,179.61,0.0
3.4,4.5,2.8,5.06,5.06,5.06,0.0,179.61,0.0
3.53,3.1,3.0,5.06,5.06,5.06,0.0,179.61,0.0
3.03,3.0,3.0,5.06,5.06,5.06,0.0,179.61,0.0
3.57,4.8,2.9,5.06,5.06,5.06,0.0,179.61,0.0
3.0,3.1,2.9,5.06,5.06,5.06,0.0,179.61,0.0
3.03,3.1,3.0,5.06,5.06,5.06,0.0,179.61,0.0
20.6,55.9,2.9,5.05,5.06,5.04,0.0,179.62,0.0
20.57,3.0,2.8,5.05,5.06,5.04,0.0,179.62,0.0
3.5,4.4,3.0,5.06,5.06,5.05,0.0,179.62,0.0
3.4,3.1,2.7,5.06,5.06,5.05,0.0,179.62,0.0
3.53,4.5,3.0,5.06,5.06,5.06,0.0,179.62,0.0
3.4,3.1,2.6,5.06,5.06,5.06,0.0,179.62,0.0
3.0,3.3,2.6,5.06,5.06,5.06,0.0,179.62,0.0
3.13,3.2,2.9,5.06,5.06,5.06,0.0,179.62,0.0
3.6,4.6,3.0,5.06,5.06,5.06,0.0,179.62,0.0
3.0,3.2,2.8,5.06,5.06,5.06,0.0,179.62,0.0
3.1,3.1,3.0,5.05,5.06,5.06,0.0,179.62,0.0
20.27,2.9,2.9,5.05,5.06,5.04,0.0,179.62,0.0
2.83,2.8,2.8,5.06,5.06,5.06,0.0,179.62,0.0
3.43,4.5,2.8,5.06,5.06,5.06,0.0,179.62,0.0
3.6,4.6,3.0,5.06,5.06,5.06,0.0,179.62,0.0
3.5,3.0,2.9,5.06,5.06,5.06,0.0,179.62,0.0
3.1,3.3,3.0,5.06,5.06,5.06,0.0,179.62,0.0
3.13,3.2,2.9,5.05,5.06,5.05,0.0,179.62,0.0
3.03,3.2,2.9,5.06,5.06,5.05,0.0,179.62,0.0
3.17,3.2,3.1,5.06,5.06,5.06,0.0,179.62,0.0
3.3,3.4,3.2,5.06,5.06,5.06,0.0,179.62,0.0
3.23,3.3,3.0,5.06,5.06,5.06,0.0,179.62,0.0
2.9,2.7,2.7,5.06,5.06,5.06,0.0,179.62,0.0
2.97,3.1,2.7,5.06,5.06,5.06,0.0,179.62,0.0
3.13,3.2,3.1,5.06,5.06,5.06,0.0,179.62,0.0
3.53,4.4,3.0,5.06,5.06,5.06,0.0,179.62,0.0
2.93,3.0,2.9,5.06,5.06,5.06,0.0,179.62,0.0
3.0,3.2,2.9,5.06,5.06,5.06,0.0,179.62,0.0
4.03,4.6,2.9,5.06,5.06,5.06,0.0,179.62,0.0
3.57,3.1,3.0,5.06,5.06,5.06,0.0,179.62,0.0
2.9,2.9,2.7,5.06,5.06,5.06,0.0,179.62,0.0
2.97,3.3,2.7,5.06,5.06,5.06,0.0,179.62,0.0
2.93,3.0,2.9,5.06,5.06,5.06,0.0,179.62,0.0
3.07,3.1,3.0,5.06,5.06,5.06,0.0,179.62,0.0
3.6,4.7,3.0,5.06,5.06,5.06,0.0,179.62,0.0
3.47,4.3,3.0,5.06,5.06,5.06,0.0,179.62,0.0
3.07,3.1,3.0,5.06,5.06,5.06,0.0,179.62,0.0
3.13,3.3,3.0,5.06,5.06,5.06,0.0,179.62,0.0
3.1,3.0,3.0,5.06,5.06,5.06,0.0,179.62,0.0
3.47,4.3,3.0,5.06,5.06,5.06,0.0,179.62,0.0
3.5,3.1,3.1,5.06,5.06,5.06,0.0,179.62,0.0
2.97,3.1,2.9,5.06,5.06,5.06,0.0,179.63,0.0
3.03,3.1,2.9,5.05,5.06,5.05,0.0,179.63,0.0
3.03,3.2,2.8,5.05,5.06,5.05,0.0,179.63,0.0
3.53,4.6,2.8,5.06,5.06,5.06,0.0,179.63,0.0
4.07,4.4,3.2,5.06,5.06,5.06,0.0,179.63,0.0
2.97,2.9,2.8,5.06,5.06,5.06,0.0,179.63,0.0
3.0,3.2,2.8,5.06,5.06,5.06,0.0,179.63,0.0
3.07,3.2,3.0,5.06,5.06,5.06,0.0,179.63,0.0
3.03,3.0,2.9,5.06,5.06,5.06,0.0,179.63,0.0
3.47,4.4,2.9,5.06,5.06,5.06,0.0,179.63,0.0
121.0,181.4,3.1,5.03,5.02,5.01,1.0,179.64,0.15
139.48,132.7,121.5,5.02,5.03,5.01,1.0,179.65,0.15
112.55,92.4,92.4,5.03,5.03,5.02,1.0,179.65,0.15
78.9,141.2,3.1,5.04,5.06,5.02,0.0,179.65,0.0
3.43,4.5,2.8,5.06,5.06,5.06,0.0,179.65,0.0
2.97,3.1,2.8,5.06,5.06,5.06,0.0,179.65,0.0
3.07,3.4,2.8,5.06,5.06,5.06,0.0,179.65,0.0
3.63,4.4,3.1,5.06,5.06,5.06,0.0,179.65,0.0
